INSERT INTO "Brand" ("brand_name", "brand_country")
VALUES
  ('LOreal', 'France'),
  ('Maybelline', 'USA'),
  ('MAC Cosmetics', 'Canada'),
  ('NARS Cosmetics', 'France'),
  ('Shu Uemura', 'Japan'),
  ('Revlon', 'USA'),
  ('NYX Professional Makeup', 'USA'),
  ('Urban Decay', 'USA'),
  ('The Body Shop', 'United Kingdom'),
  ('Clinique', 'USA'),
  ('Innisfree', 'South Korea'),
  ('Kiko Milano', 'Italy'),
  ('Too Faced', 'USA'),
  ('Anastasia Beverly Hills', 'USA'),
  ('Catrice Cosmetics', 'Germany'),
  ('Sephora Collection', 'France'),
  ('BareMinerals', 'USA'),
  ('Etude House', 'South Korea'),
  ('Charlotte Tilbury', 'United Kingdom'),
  ('Fenty Beauty', 'USA'),
  ('Huda Beauty', 'United Arab Emirates'),
  ('Laura Mercier', 'France'),
  ('Bobbi Brown', 'USA'),
  ('Make Up For Ever', 'France'),
  ('Glossier', 'USA'),
  ('Milani Cosmetics', 'USA'),
  ('Stila', 'USA'),
  ('Essence Cosmetics', 'Germany'),
  ('Lime Crime', 'USA'),
  ('Wet n Wild', 'USA'),
  ('Physicians Formula', 'USA'),
  ('Elf Cosmetics', 'USA'),
  ('Smashbox', 'USA'),
  ('Zoeva', 'Germany'),
  ('Morphe', 'USA'),
  ('Kylie Cosmetics', 'USA'),
  ('Nabla Cosmetics', 'Italy'),
  ('Pat McGrath Labs', 'USA'),
  ('ColourPop Cosmetics', 'USA'),
  ('Sleek MakeUP', 'United Kingdom'),
  ('Illamasqua', 'United Kingdom'),
  ('Kiko Milano', 'Italy'),
  ('Tatcha', 'Japan'),
  ('Shiseido', 'Japan'),
  ('SK-II', 'Japan'),
  ('The Face Shop', 'South Korea'),
  ('Missha', 'South Korea');

INSERT INTO "Category" ("category_category")
VALUES
  ('Nails'),
  ('Foundation'),
  ('Concealer'),
  ('Primer'),
  ('Highlighter'),
  ('Bronzer'),
  ('Blush'),
  ('Setting Spray'),
  ('Eyeliner'),
  ('Mascara'),
  ('Eyebrow'),
  ('Eyeshadow'),
  ('Lipstick'),
  ('Lip Gloss'),
  ('Lip Liner'),
  ('Lip Balm'),
  ('Eye Primer'),
  ('Eye Shadow Palette'),
  ('False Eyelashes'),
  ('Eyebrow Gel'),
  ('Eyebrow Pencil'),
  ('Hair Spray'),
  ('Shampoo'),
  ('Conditioner'),
  ('Hair Mask'),
  ('Hair Oil'),
  ('Hair Serum'),
  ('Hair Styling Cream'),
  ('Hair Gel'),
  ('Hair Mousse'),
  ('Hair Wax'),
  ('Hair Pomade'),
  ('Hair Texturizer'),
  ('Hair Volumizer'),
  ('Hair Color'),
  ('Hair Bleach'),
  ('Hair Toner'),
  ('Face Cleanser'),
  ('Face Scrub'),
  ('Face Mask'),
  ('Face Moisturizer'),
  ('Face Serum'),
  ('Eye Cream'),
  ('Toner'),
  ('Face Oil');

INSERT INTO "Inventory" ("product_id", "inventory_quantity", "inventory_store")
VALUES
  (3, 150, 'Westfield Mall'),
  (4, 300, 'City Center'),
  (5, 75, 'Bayview Plaza'),
  (6, 250, 'Sunset Square'),
  (7, 180, 'Maple Grove Mall'),
  (8, 120, 'Riverside Plaza'),
  (9, 220, 'Lakeside Center'),
  (10, 90, 'Downtown Plaza'),
  (11, 150, 'Grandview Mall'),
  (12, 200, 'Oakridge Mall'),
  (13, 100, 'Hilltop Shopping Center'),
  (14, 300, 'Valley Fair'),
  (15, 80, 'Fairview Point'),
  (16, 250, 'Beachwood Place'),
  (17, 180, 'SouthPark Mall'),
  (18, 150, 'Waterfront Mall'),
  (19, 200, 'Pine Square'),
  (20, 120, 'Green Acres Mall'),
  (21, 100, 'Magnolia Mall'),
  (22, 300, 'Riverchase Galleria'),
  (23, 90, 'Cottonwood Mall'),
  (24, 220, 'Willowbrook Mall'),
  (25, 150, 'Lakeside Mall'),
  (26, 180, 'Crossgates Mall'),
  (27, 200, 'Galleria at Sunset'),
  (28, 120, 'Mall of America'),
  (29, 90, 'Fashion Place'),
  (30, 250, 'Mall St. Matthews'),
  (31, 80, 'Eastland Mall'),
  (32, 180, 'Town Center at Aurora'),
  (33, 200, 'Shops at Mission Viejo'),
  (34, 300, 'Westfield Santa Anita'),
  (35, 120, 'Northridge Fashion Center'),
  (36, 90, 'The Shops at Willow Bend'),
  (37, 220, 'Cumberland Mall'),
  (38, 150, 'Tysons Corner Center'),
  (39, 200, 'Scottsdale Fashion Square'),
  (40, 100, 'The Domain'),
  (41, 250, 'Ala Moana Center'),
  (42, 80, 'Woodfield Mall'),
  (43, 180, 'Natick Mall'),
  (44, 150, 'The Galleria'),
  (45, 200, 'The Mall at Short Hills'),
  (46, 120, 'The Grove'),
  (47, 90, 'The Shops at La Cantera'),
  (48, 220, 'South Coast Plaza'),
  (49, 150, 'The Forum Shops at Caesars'),
  (50, 200, 'King of Prussia Mall'),
  (51, 150, 'Westfield Mall'),
  (52, 300, 'City Center'),
  (53, 75, 'Bayview Plaza'),
  (54, 250, 'Sunset Square'),
  (55, 180, 'Maple Grove Mall'),
  (56, 120, 'Riverside Plaza'),
  (57, 220, 'Lakeside Center'),
  (58, 90, 'Downtown Plaza'),
  (59, 150, 'Grandview Mall'),
  (60, 200, 'Oakridge Mall'),
  (61, 100, 'Hilltop Shopping Center'),
  (62, 300, 'Valley Fair'),
  (63, 80, 'Fairview Point'),
  (64, 250, 'Beachwood Place'),
  (65, 180, 'SouthPark Mall'),
  (66, 150, 'Waterfront Mall'),
  (67, 200, 'Pine Square'),
  (68, 120, 'Green Acres Mall'),
  (69, 100, 'Magnolia Mall'),
  (70, 300, 'Riverchase Galleria'),
  (71, 90, 'Cottonwood Mall'),
  (72, 220, 'Willowbrook Mall'),
  (73, 150, 'Lakeside Mall'),
  (74, 180, 'Crossgates Mall'),
  (75, 200, 'Galleria at Sunset'),
  (76, 120, 'Mall of America'),
  (77, 90, 'Fashion Place'),
  (78, 250, 'Mall St. Matthews'),
  (79, 80, 'Eastland Mall'),
  (80, 180, 'Town Center at Aurora'),
  (81, 200, 'Shops at Mission Viejo'),
  (82, 300, 'Westfield Santa Anita'),
  (83, 120, 'Northridge Fashion Center'),
  (84, 90, 'The Shops at Willow Bend'),
  (85, 220, 'Cumberland Mall'),
  (86, 150, 'Tysons Corner Center'),
  (87, 200, 'Scottsdale Fashion Square'),
  (88, 100, 'The Domain'),
  (89, 250, 'Ala Moana Center'),
  (90, 80, 'Woodfield Mall'),
  (91, 180, 'Natick Mall'),
  (92, 150, 'The Galleria'),
  (93, 200, 'The Mall at Short Hills'),
  (94, 120, 'The Grove'),
  (95, 90, 'The Shops at La Cantera'),
  (96, 220, 'South Coast Plaza'),
  (97, 150, 'The Forum Shops at Caesars'),
  (98, 200, 'King of Prussia Mall'),
  (99, 150, 'Westfield Mall'),
  (100, 300, 'City Center'),
  (101, 200, 'Lavina'),
  (102, 100, 'Stone Road'),
  (103, 100, 'Stone Road'),
  (104, 200, 'Lavina'),
  (105, 75, 'Bayview Plaza'),
  (106, 250, 'Sunset Square'),
  (107, 180, 'Maple Grove Mall'),
  (108, 120, 'Riverside Plaza'),
  (109, 220, 'Lakeside Center'),
  (110, 90, 'Downtown Plaza'),
  (111, 150, 'Grandview Mall'),
  (112, 200, 'Oakridge Mall'),
  (113, 100, 'Hilltop Shopping Center'),
  (114, 300, 'Valley Fair'),
  (115, 80, 'Fairview Point'),
  (116, 250, 'Beachwood Place'),
  (117, 180, 'SouthPark Mall'),
  (118, 150, 'Waterfront Mall'),
  (119, 200, 'Pine Square'),
  (120, 120, 'Green Acres Mall'),
  (121, 100, 'Magnolia Mall'),
  (122, 300, 'Riverchase Galleria'),
  (123, 90, 'Cottonwood Mall'),
  (124, 220, 'Willowbrook Mall'),
  (125, 150, 'Lakeside Mall'),
  (126, 180, 'Crossgates Mall'),
  (127, 200, 'Galleria at Sunset'),
  (128, 120, 'Mall of America'),
  (129, 90, 'Fashion Place'),
  (130, 250, 'Mall St. Matthews'),
  (131, 80, 'Eastland Mall'),
  (132, 180, 'Town Center at Aurora'),
  (133, 200, 'Shops at Mission Viejo'),
  (134, 300, 'Westfield Santa Anita'),
  (135, 120, 'Northridge Fashion Center'),
  (136, 90, 'The Shops at Willow Bend'),
  (137, 220, 'Cumberland Mall'),
  (138, 150, 'Tysons Corner Center'),
  (139, 200, 'Scottsdale Fashion Square'),
  (140, 100, 'The Domain'),
  (141, 250, 'Ala Moana Center'),
  (142, 80, 'Woodfield Mall'),
  (143, 180, 'Natick Mall'),
  (144, 150, 'The Galleria'),
  (145, 200, 'The Mall at Short Hills'),
  (146, 120, 'The Grove'),
  (147, 90, 'The Shops at La Cantera'),
  (148, 220, 'South Coast Plaza'),
  (149, 150, 'The Forum Shops at Caesars'),
  (150, 200, 'King of Prussia Mall'),
  (151, 150, 'Westfield Mall'),
  (152, 300, 'City Center'),
  (153, 75, 'Bayview Plaza'),
  (154, 250, 'Sunset Square'),
  (155, 180, 'Maple Grove Mall'),
  (156, 120, 'Riverside Plaza'),
  (157, 220, 'Lakeside Center'),
  (158, 90, 'Downtown Plaza'),
  (159, 150, 'Grandview Mall'),
  (160, 200, 'Oakridge Mall'),
  (161, 100, 'Hilltop Shopping Center'),
  (162, 300, 'Valley Fair'),
  (163, 80, 'Fairview Point'),
  (164, 250, 'Beachwood Place'),
  (165, 180, 'SouthPark Mall'),
  (166, 150, 'Waterfront Mall'),
  (167, 200, 'Pine Square'),
  (168, 120, 'Green Acres Mall'),
  (169, 100, 'Magnolia Mall'),
  (170, 300, 'Riverchase Galleria'),
  (171, 90, 'Cottonwood Mall'),
  (172, 220, 'Willowbrook Mall'),
  (173, 150, 'Lakeside Mall'),
  (174, 180, 'Crossgates Mall'),
  (175, 200, 'Galleria at Sunset'),
  (176, 120, 'Mall of America'),
  (177, 90, 'Fashion Place'),
  (178, 250, 'Mall St. Matthews'),
  (179, 80, 'Eastland Mall'),
  (180, 180, 'Town Center at Aurora'),
  (181, 200, 'Shops at Mission Viejo'),
  (182, 300, 'Westfield Santa Anita'),
  (183, 120, 'Northridge Fashion Center'),
  (184, 90, 'The Shops at Willow Bend'),
  (185, 220, 'Cumberland Mall'),
  (186, 150, 'Tysons Corner Center'),
  (187, 200, 'Scottsdale Fashion Square'),
  (188, 100, 'The Domain'),
  (189, 250, 'Ala Moana Center'),
  (190, 80, 'Woodfield Mall'),
  (191, 180, 'Natick Mall'),
  (192, 150, 'The Galleria'),
  (193, 200, 'The Mall at Short Hills'),
  (194, 120, 'The Grove'),
  (195, 90, 'The Shops at La Cantera'),
  (196, 220, 'South Coast Plaza'),
  (197, 150, 'The Forum Shops at Caesars'),
  (198, 200, 'King of Prussia Mall'),
  (199, 150, 'Westfield Mall'),
  (200, 90, 'Fashion Place'),
  (201, 200, 'Lavina'),
  (202, 100, 'Stone Road'),
  (203, 150, 'Westfield Mall'),
  (204, 300, 'City Center'),
  (205, 75, 'Bayview Plaza'),
  (206, 250, 'Sunset Square'),
  (207, 180, 'Maple Grove Mall'),
  (208, 120, 'Riverside Plaza'),
  (209, 220, 'Lakeside Center'),
  (210, 90, 'Downtown Plaza'),
  (211, 150, 'Grandview Mall'),
  (212, 200, 'Oakridge Mall'),
  (213, 100, 'Hilltop Shopping Center'),
  (214, 300, 'Valley Fair'),
  (215, 80, 'Fairview Point'),
  (216, 250, 'Beachwood Place'),
  (217, 180, 'SouthPark Mall'),
  (218, 150, 'Waterfront Mall'),
  (219, 200, 'Pine Square'),
  (220, 120, 'Green Acres Mall'),
  (221, 100, 'Magnolia Mall'),
  (222, 300, 'Riverchase Galleria'),
  (223, 90, 'Cottonwood Mall'),
  (224, 220, 'Willowbrook Mall');


INSERT INTO "Product" ("brand_id", "category_id", "product_name", "product_type", "product_price", "product_id")
VALUES
  (1, 5, 'OPI Nail Lacquer', 'Nail Polish', 10.50, 3),
  (4, 5, 'China Glaze Nail Lacquer', 'Nail Polish', 7.50, 4),
  (12, 5, 'Orly Nail Lacquer', 'Nail Polish', 8.99, 5),
  (27, 6, 'Fenty Beauty Pro Filtr Soft Matte Longwear Foundation', 'Liquid Foundation', 35.00, 6),
  (7, 6, 'Estee Lauder Double Wear Stay-in-Place Foundation', 'Liquid Foundation', 43.00, 7),
  (19, 6, 'LOreal Paris Infallible Pro-Matte Foundation', 'Liquid Foundation', 12.99, 8),
  (17, 6, 'Maybelline Fit Me Matte + Poreless Foundation', 'Liquid Foundation', 7.99, 9),
  (10, 6, 'Revlon ColorStay Makeup for Combination/Oily Skin', 'Liquid Foundation', 13.99, 10),
  (11, 7, 'Tarte Shape Tape Concealer', 'Concealer', 27.00, 11),
  (12, 7, 'NARS Radiant Creamy Concealer', 'Concealer', 30.00, 12),
  (13, 7, 'Maybelline Instant Age Rewind Eraser Dark Circles Treatment Concealer', 'Concealer', 9.99, 13),
  (14, 7, 'LOreal Paris True Match Super-Blendable Concealer', 'Concealer', 9.99, 14),
  (15, 7, 'Urban Decay Naked Skin Weightless Complete Coverage Concealer', 'Concealer', 29.00, 15),
  (16, 8, 'Smashbox Photo Finish Foundation Primer', 'Face Primer', 36.00, 16),
  (1, 8, 'Benefit Cosmetics POREfessional Face Primer', 'Face Primer', 32.00, 17),
  (18, 8, 'NYX Professional Makeup Pore Filler', 'Face Primer', 14.00, 18),
  (19, 8, 'Too Faced Hangover Replenishing Face Primer', 'Face Primer', 34.00, 19),
  (20, 8, 'e.l.f. Mineral Infused Face Primer', 'Face Primer', 6.00, 20),
  (21, 9, 'Becca Shimmering Skin Perfector Pressed Highlighter', 'Powder Highlighter', 38.00, 21),
  (22, 9, 'Anastasia Beverly Hills Amrezy Highlighter', 'Powder Highlighter', 28.00, 22),
  (12, 9, 'Fenty Beauty Killawatt Freestyle Highlighter', 'Powder Highlighter', 36.00, 23),
  (24, 9, 'Hourglass Ambient Lighting Powder', 'Powder Highlighter', 48.00, 24),
  (25, 9, 'MAC Mineralize Skinfinish', 'Powder Highlighter', 36.00, 25),
  (26, 10, 'Physicians Formula Butter Bronzer', 'Powder Bronzer', 14.99, 26),
  (27, 10, 'Benefit Hoola Matte Bronzer', 'Powder Bronzer', 30.00, 27),
  (28, 10, 'NARS Bronzing Powder', 'Powder Bronzer', 38.00, 28),
  (29, 10, 'Too Faced Chocolate Soleil Matte Bronzer', 'Powder Bronzer', 30.00, 29),
  (30, 10, 'Milani Baked Bronzer', 'Powder Bronzer', 9.99, 30),
  (31, 11, 'Milani Baked Blush', 'Powder Blush', 9.49, 31),
  (32, 11, 'NARS Blush', 'Powder Blush', 30.00, 32),
  (19, 11, 'Tarte Amazonian Clay 12-Hour Blush', 'Powder Blush', 29.00, 33),
  (34, 11, 'Clinique Cheek Pop', 'Powder Blush', 25.00, 34),
  (35, 11, 'Benefit Cosmetics Benetint Cheek & Lip Stain', 'Liquid Blush', 30.00, 35),
  (36, 12, 'Urban Decay All Nighter Long-Lasting Makeup Setting Spray', 'Setting Spray', 33.00, 36),
  (37, 12, 'Morphe Continuous Setting Mist', 'Setting Spray', 16.00, 37),
  (5, 12, 'NYX Professional Makeup Matte Finish Setting Spray', 'Setting Spray', 8.50, 38),
  (39, 12, 'MAC Prep + Prime Fix+ Finishing Mist', 'Setting Spray', 30.00, 39),
  (40, 12, 'Mario Badescu Facial Spray with Aloe, Herbs and Rosewater', 'Setting Spray', 7.00, 40),
  (41, 13, 'Stila Stay All Day Waterproof Liquid Eyeliner', 'Liquid Eyeliner', 22.00, 41),
  (43, 13, 'Kat Von D Beauty Tattoo Liner Liquid Eyeliner', 'Liquid Eyeliner', 20.00, 42),
  (42, 13, 'NYX Professional Makeup Epic Ink Liner', 'Liquid Eyeliner', 9.00, 43),
  (42, 13, 'LOreal Paris Infallible The Super Slim Liquid Eyeliner', 'Liquid Eyeliner', 8.99, 44),
  (45, 13, 'Maybelline New York Eye Studio Lasting Drama Gel Eyeliner', 'Gel Eyeliner', 9.99, 45),
  (6, 14, 'Benefit Cosmetics They''re Real! Lengthening Mascara', 'Mascara', 25.00, 46),
  (3, 14, 'Lancome Monsieur Big Volumizing Mascara', 'Mascara', 25.00, 47),
  (1, 14, 'Maybelline New York Lash Sensational Washable Mascara', 'Mascara', 8.99, 48),
  (13, 14, 'CoverGirl Lash Blast Volume Mascara', 'Mascara', 9.99, 49),
  (42, 14, 'LOreal Paris Voluminous Original Mascara', 'Mascara', 8.99, 50),
  (42, 15, 'Anastasia Beverly Hills Brow Wiz', 'Brow Pencil', 23.00, 51),
  (18, 15, 'Benefit Cosmetics Gimme Brow+ Volumizing Eyebrow Gel', 'Eyebrow Gel', 24.00, 52),
  (3, 15, 'NYX Professional Makeup Micro Brow Pencil', 'Brow Pencil', 10.00, 53),
  (42, 15, 'Benefit Cosmetics Precisely, My Brow Pencil Ultra Fine Shape & Define', 'Brow Pencil', 24.00, 54),
  (19, 15, 'Maybelline New York Brow Precise Micro Eyebrow Pencil Makeup', 'Brow Pencil', 7.99, 55),
  (12, 16, 'Anastasia Beverly Hills Soft Glam Eyeshadow Palette', 'Eyeshadow Palette', 42.00, 56),
  (40, 16, 'Urban Decay Naked Heat Eyeshadow Palette', 'Eyeshadow Palette', 54.00, 57),
  (13, 16, 'Too Faced Chocolate Bar Eyeshadow Palette', 'Eyeshadow Palette', 49.00, 58),
  (41, 16, 'ColourPop Yes, Please! Pressed Powder Shadow Palette', 'Eyeshadow Palette', 16.00, 59),
  (40, 16, 'Morphe x Jaclyn Hill Eyeshadow Palette', 'Eyeshadow Palette', 39.00, 60),
  (41, 17, 'MAC Matte Lipstick', 'Lipstick', 19.00, 61),
  (41, 17, 'NARS Audacious Lipstick', 'Lipstick', 34.00, 62),
  (12, 17, 'Maybelline New York Color Sensational Creamy Matte Lipstick', 'Lipstick', 7.49, 63),
  (40, 17, 'Revlon Super Lustrous Lipstick', 'Lipstick', 8.49, 64),
  (41, 17, 'NYX Professional Makeup Soft Matte Lip Cream', 'Lipstick', 6.50, 65),
  (6, 18, 'Fenty Beauty Gloss Bomb Universal Lip Luminizer', 'Lip Gloss', 19.00, 66),
  (40, 18, 'Buxom Full-On Plumping Lip Cream', 'Lip Gloss', 21.00, 67),
  (39, 18, 'NYX Professional Makeup Butter Gloss', 'Lip Gloss', 4.99, 68),
  (5, 18, 'Anastasia Beverly Hills Lip Gloss', 'Lip Gloss', 16.00, 69),
  (39, 18, 'Revlon Super Lustrous The Gloss', 'Lip Gloss', 8.99, 70),
  (39, 19, 'MAC Lip Pencil', 'Lip Liner', 18.00, 71),
  (1, 19, 'NYX Professional Makeup Slim Lip Pencil', 'Lip Liner', 3.50, 72),
  (39, 19, 'Urban Decay 24/7 Glide-On Lip Pencil', 'Lip Liner', 21.00, 73),
  (18, 19, 'Maybelline New York Color Sensational Shaping Lip Liner', 'Lip Liner', 7.99, 74),
  (38, 19, 'Milani Color Statement Lip Liner', 'Lip Liner', 4.99, 75),
  (4, 20, 'Burt''s Bees Beeswax Lip Balm', 'Lip Balm', 3.59, 76),
  (3, 20, 'eos Natural & Organic Sphere Lip Balm', 'Lip Balm', 3.49, 77),
  (1, 20, 'Jack Black Intense Therapy Lip Balm SPF 25', 'Lip Balm', 8.00, 78),
  (26, 20, 'Aquaphor Lip Repair Ointment', 'Lip Balm', 3.99, 79),
  (20, 20, 'Carmex Classic Lip Balm Medicated', 'Lip Balm', 1.59, 80),
  (38, 21, 'Urban Decay Eyeshadow Primer Potion', 'Eye Primer', 24.00, 81),
  (7, 21, 'Too Faced Shadow Insurance Anti-Crease Eyeshadow Primer', 'Eye Primer', 22.00, 82),
  (18, 21, 'NARS Pro-Prime Smudge Proof Eyeshadow Base', 'Eye Primer', 26.00, 83),
  (37, 21, 'Milani Eyeshadow Primer', 'Eye Primer', 6.99, 84),
  (19, 21, 'Wet n Wild Photo Focus Eyeshadow Primer', 'Eye Primer', 5.00, 85),
  (38, 22, 'Anastasia Beverly Hills Norvina Eyeshadow Palette', 'Eyeshadow Palette', 60.00, 86),
  (38, 22, 'Huda Beauty Desert Dusk Eyeshadow Palette', 'Eyeshadow Palette', 65.00, 87),
  (26, 22, 'Morphe x James Charles Artistry Eyeshadow Palette', 'Eyeshadow Palette', 39.00, 88),
  (13, 22, 'Urban Decay Naked3 Eyeshadow Palette', 'Eyeshadow Palette', 54.00, 89),
  (37, 22, 'ColourPop Going Coconuts Pressed Powder Shadow Palette', 'Eyeshadow Palette', 12.00, 90),
  (18, 23, 'Ardell Demi Wispies False Eyelashes', 'False Eyelashes', 4.99, 91),
  (11, 23, 'House of Lashes Iconic False Eyelashes', 'False Eyelashes', 12.00, 92),
  (5, 23, 'Eylure Naturals False Eyelashes', 'False Eyelashes', 5.99, 93),
  (44, 23, 'Kiss True Volume Natural Plump False Eyelashes', 'False Eyelashes', 3.99, 94),
  (37, 23, 'Velour Lashes Fluff''n Glam Collection Doll Me Up False Eyelashes', 'False Eyelashes', 26.00, 95),
  (1, 24, 'Anastasia Beverly Hills Clear Brow Gel', 'Eyebrow Gel', 22.00, 96),
  (6, 24, 'Benefit Cosmetics 24-HR Brow Setter Clear Brow Gel', 'Eyebrow Gel', 24.00, 97),
  (2, 24, 'Maybelline New York Great Lash Clear Mascara for Lash and Brow', 'Eyebrow Gel', 6.40, 98),
  (37, 24, 'e.l.f. Clear Brow & Lash Mascara', 'Eyebrow Gel', 2.00, 99),
  (3, 25, 'Anastasia Beverly Hills Brow Wiz', 'Brow Pencil', 23.00, 100),
  (36, 25, 'Benefit Cosmetics Precisely, My Brow Pencil Ultra Fine Shape & Define', 'Brow Pencil', 24.00, 101),
  (13, 25, 'NYX Professional Makeup Micro Brow Pencil', 'Brow Pencil', 10.00, 102),
  (17, 25, 'Maybelline New York Brow Precise Micro Eyebrow Pencil Makeup', 'Brow Pencil', 7.99, 103),
  (36, 25, 'ColourPop Brow Boss Pencil', 'Brow Pencil', 6.00, 104),
  (36, 26, 'TRESemme Compressed Micro Mist Smooth Hold Level 2 Hair Spray', 'Hair Spray', 6.99, 105),
  (9, 26, 'LOreal Paris Elnett Satin Extra Strong Hold Hairspray', 'Hair Spray', 14.99, 106),
  (35, 26, 'Pantene Pro-V Style Series Airspray Hair Spray', 'Hair Spray', 4.99, 107),
  (25, 26, 'Kenra Volume Spray 25', 'Hair Spray', 19.00, 108),
  (27, 26, 'Moroccanoil Luminous Hairspray Strong Finish', 'Hair Spray', 24.00, 109),
  (50, 27, 'Head & Shoulders Classic Clean Anti-Dandruff Shampoo', 'Shampoo', 6.99, 110),
  (14, 27, 'Herbal Essences Hello Hydration Moisturizing Shampoo', 'Shampoo', 5.99, 111),
  (7, 27, 'Garnier Fructis Sleek & Shine Shampoo', 'Shampoo', 3.49, 112),
  (44, 27, 'Pantene Pro-V Sheer Volume Shampoo', 'Shampoo', 5.99, 113),
  (5, 27, 'Matrix Biolage ColorLast Shampoo', 'Shampoo', 19.00, 114),
  (25, 28, 'Herbal Essences Hello Hydration Moisturizing Conditioner', 'Conditioner', 5.99, 115),
  (3, 28, 'Garnier Fructis Sleek & Shine Conditioner', 'Conditioner', 3.49, 116),
  (23, 28, 'Pantene Pro-V Daily Moisture Renewal Conditioner', 'Conditioner', 5.99, 117),
  (11, 28, 'TRESemme Moisture Rich Conditioner', 'Conditioner', 5.99, 118),
  (23, 28, 'Moroccanoil Moisture Repair Conditioner', 'Conditioner', 26.00, 119),
  (26, 29, 'Neutrogena Triple Moisture Deep Recovery Hair Mask', 'Hair Mask', 6.49, 120),
  (4, 29, 'Garnier Fructis Damage Repairing Treat 1 Minute Hair Mask', 'Hair Mask', 2.99, 121),
  (6, 29, 'SheaMoisture Raw Shea Butter Deep Treatment Masque', 'Hair Mask', 13.49, 122),
  (25, 29, 'It''s a 10 Miracle Hair Mask', 'Hair Mask', 32.00, 123),
  (22, 29, 'Olaplex Hair Perfector No. 3', 'Hair Mask', 28.00, 124),
  (1, 30, 'Moroccanoil Treatment', 'Hair Oil', 15.00, 125),
  (9, 30, 'OGX Renewing Moroccan Argan Oil', 'Hair Oil', 7.99, 126),
  (8, 30, 'LOreal Paris Elvive Extraordinary Oil', 'Hair Oil', 5.99, 127),
  (50, 30, 'Briogeo Don''t Despair, Repair! Strength + Moisture Leave-In Mask', 'Hair Oil', 28.00, 128),
  (17, 30, 'Bumble and bumble Hairdresser''s Invisible Oil', 'Hair Oil', 40.00, 129),
  (2, 31, 'OGX Renewing Argan Oil of Morocco Weightless Healing Dry Oil', 'Hair Serum', 8.99, 130),
  (34, 31, 'It''s a 10 Miracle Leave-In Plus Keratin', 'Hair Serum', 24.99, 131),
  (27, 31, 'John Frieda Frizz Ease Extra Strength Serum', 'Hair Serum', 8.99, 132),
  (3, 31, 'Pantene Pro-V Intense Rescue Shots Hair Ampoule', 'Hair Serum', 5.99, 133),
  (34, 31, 'LOreal Paris Elvive Total Repair 5 Protein Recharge Leave In Conditioner Treatment', 'Hair Serum', 5.97, 134),
  (22, 32, 'Living Proof Perfect Hair Day 5-In-1 Styling Treatment', 'Hair Styling Cream', 28.00, 135),
  (2, 32, 'Redken Brews Cream Pomade', 'Hair Styling Cream', 18.50, 136),
  (45, 32, 'Bumble and bumble Bb. Curl (Style) Defining Creme', 'Hair Styling Cream', 31.00, 137),
  (7, 32, 'SheaMoisture Coconut & Hibiscus Curl Enhancing Smoothie', 'Hair Styling Cream', 13.49, 138),
  (50, 32, 'Moroccanoil Hydrating Styling Cream', 'Hair Styling Cream', 34.00, 139),
  (3, 33, 'ECOCO Eco Style Gel', 'Hair Gel', 3.99, 140),
  (1, 33, 'Garnier Fructis Pure Clean Styling Gel', 'Hair Gel', 3.49, 141),
  (25, 33, 'LOreal Paris Advanced Hairstyle LOCK IT Extreme Style Gel', 'Hair Gel', 4.99, 142),
  (14, 33, 'TRESemme TRES Two Hair Gel Extra Hold', 'Hair Gel', 4.99, 143),
  (49, 33, 'SexyHair Big Sexy Hair Blow Dry Volumizing Gel', 'Hair Gel', 18.95, 144),
  (24, 34, 'Moroccanoil Volumizing Mousse', 'Hair Mousse', 28.00, 145),
  (17, 34, 'Kenra Volume Mousse Extra', 'Hair Mousse', 16.00, 146),
  (3, 34, 'Ouidad PlayCurl Amplifying Foam', 'Hair Mousse', 26.00, 147),
  (20, 34, 'DevaCurl Frizz-Free Volumizing Foam', 'Hair Mousse', 26.00, 148),
  (45, 34, 'Tresemme Thermal Creations Volumizing Mousse', 'Hair Mousse', 5.99, 149),
  (36, 35, 'Suavecito Pomade Original Hold', 'Hair Wax', 12.99, 150),
  (27, 35, 'American Crew Forming Cream', 'Hair Wax', 18.50, 151),
  (49, 35, 'Redken Brews Wax Pomade', 'Hair Wax', 18.50, 152),
  (35, 35, 'Gatsby Moving Rubber Hair Wax', 'Hair Wax', 10.00, 153),
  (34, 35, 'Bed Head for Men Matte Separation Workable Wax', 'Hair Wax', 19.00, 154),
  (24, 36, 'Baxter of California Clay Pomade', 'Hair Pomade', 23.00, 155),
  (16, 36, 'Layrite Superhold Pomade', 'Hair Pomade', 18.00, 156),
  (15, 36, 'Blind Barber 60 Proof Wax', 'Hair Pomade', 18.00, 157),
  (10, 36, 'Suavecito Firme (Strong) Hold Pomade', 'Hair Pomade', 13.99, 158),
  (11, 36, 'American Crew Pomade', 'Hair Pomade', 18.50, 159),
  (31, 37, 'Oribe Dry Texturizing Spray', 'Hair Texturizer', 48.00, 160),
  (22, 37, 'Bumble and bumble Surf Spray', 'Hair Texturizer', 27.00, 161),
  (15, 37, 'Not Your Mother''s Beach Babe Texturizing Sea Salt Spray', 'Hair Texturizer', 7.00, 162),
  (13, 37, 'Amika Un.done Volume and Matte Texture Spray', 'Hair Texturizer', 25.00, 163),
  (32, 37, 'Living Proof Full Dry Volume Blast', 'Hair Texturizer', 29.00, 164),
  (27, 38, 'OUAI Volume Spray', 'Hair Volumizer', 26.00, 165),
  (7, 38, 'Big Sexy Hair Root Pump Plus Humidity Resistant Volumizing Spray Mousse', 'Hair Volumizer', 17.95, 166),
  (22, 38, 'Redken Guts 10 Volumizing Spray', 'Hair Volumizer', 20.00, 167),
  (48, 38, 'Bumble and bumble Thickening Spray', 'Hair Volumizer', 30.00, 168),
  (32, 38, 'Kenra Professional Volume Spray 25', 'Hair Volumizer', 18.00, 169),
  (35, 39, 'LOreal Paris Superior Preference Fade-Defying Hair Color', 'Hair Color', 8.99, 170),
  (46, 39, 'Clairol Natural Instincts Semi-Permanent Hair Color', 'Hair Color', 7.99, 171),
  (35, 39, 'Revlon Colorsilk Beautiful Color Permanent Hair Color', 'Hair Color', 4.49, 172),
  (4, 39, 'Garnier Nutrisse Nourishing Color Creme', 'Hair Color', 6.99, 173),
  (34, 39, 'Schwarzkopf Keratin Color Permanent Hair Color Cream', 'Hair Color', 9.97, 174),
  (28, 40, 'LOreal Paris Feria Absolute Platinum Advanced Lightening System', 'Hair Bleach', 9.99, 175),
  (48, 40, 'Manic Panic Flash Lightning Hair Bleach Kit', 'Hair Bleach', 13.99, 176),
  (24, 40, 'Splat Null Hair Color & Bleach Kit', 'Hair Bleach', 9.18, 177),
  (16, 40, 'Jerome Russell Bblonde Maximum Blonding Kit', 'Hair Bleach', 8.99, 178),
  (28, 40, 'Wella Blondor Multi Blonde Powder Lightener', 'Hair Bleach', 6.99, 179),
  (31, 41, 'Wella Color Charm Permanent Liquid Hair Toner', 'Hair Toner', 6.95, 180),
  (24, 41, 'T18 Lightest Ash Blonde Color Charm Toner', 'Hair Toner', 7.29, 181),
  (2, 41, 'Schwarzkopf Professional Blond Me Blonde Toning', 'Hair Toner', 22.00, 182),
  (8, 41, 'Manic Panic Virgin Snow White Toner', 'Hair Toner', 13.99, 183),
  (21, 41, 'LOreal Paris Colorista Semi-Permanent Hair Color', 'Hair Toner', 10.99, 184),
  (3, 42, 'Cetaphil Gentle Skin Cleanser', 'Face Cleanser', 9.59, 185),
  (46, 42, 'Neutrogena Oil-Free Acne Wash', 'Face Cleanser', 7.49, 186),
  (48, 42, 'Mario Badescu Enzyme Cleansing Gel', 'Face Cleanser', 14.00, 187),
  (2, 42, 'Fresh Soy Face Cleanser', 'Face Cleanser', 38.00, 188),
  (10, 42, 'Philosophy Purity Made Simple One-Step Facial Cleanser', 'Face Cleanser', 25.00, 189),
  (30, 43, 'St. Ives Fresh Skin Apricot Scrub', 'Face Scrub', 4.99, 190),
  (16, 43, 'Acure Brightening Facial Scrub', 'Face Scrub', 9.99, 191),
  (28, 43, 'Dermalogica Daily Microfoliant', 'Face Scrub', 59.00, 192),
  (20, 43, 'Kate Somerville ExfoliKate Intensive Exfoliating Treatment', 'Face Scrub', 85.00, 193),
  (33, 43, 'First Aid Beauty Facial Radiance Polish', 'Face Scrub', 24.00, 194),
  (47, 44, 'Aztec Secret Indian Healing Clay', 'Face Mask', 9.99, 195),
  (46, 44, 'GlamGlow SuperMud Clearing Treatment', 'Face Mask', 59.00, 196),
  (21, 44, 'Origins Clear Improvement Active Charcoal Mask', 'Face Mask', 27.00, 197),
  (8, 44, 'Peter Thomas Roth Pumpkin Enzyme Mask', 'Face Mask', 60.00, 198),
  (30, 44, 'The Body Shop Tea Tree Skin Clearing Clay Mask', 'Face Mask', 17.00, 199),
  (29, 45, 'CeraVe Daily Moisturizing Lotion', 'Face Moisturizer', 13.99, 200),
  (31, 45, 'Neutrogena Hydro Boost Water Gel', 'Face Moisturizer', 17.99, 201),
  (28, 45, 'Clinique Dramatically Different Moisturizing Lotion+', 'Face Moisturizer', 29.50, 202),
  (2, 45, 'Belif The True Cream Aqua Bomb', 'Face Moisturizer', 38.00, 203),
  (33, 45, 'First Aid Beauty Ultra Repair Cream Intense Hydration', 'Face Moisturizer', 34.00, 204),
  (33, 46, 'Estee Lauder Advanced Night Repair Synchronized Recovery Complex II', 'Face Serum', 72.00, 205),
  (29, 46, 'The Ordinary Niacinamide 10% + Zinc 1% Serum', 'Face Serum', 5.90, 206),
  (32, 46, 'Drunk Elephant T.L.C. Framboos Glycolic Night Serum', 'Face Serum', 90.00, 207),
  (30, 46, 'Sunday Riley Good Genes All-In-One Lactic Acid Treatment', 'Face Serum', 85.00, 208),
  (32, 46, 'Ole Henriksen Truth Serum', 'Face Serum', 50.00, 209),
  (47, 47, 'Kiehl''s Creamy Eye Treatment with Avocado', 'Eye Cream', 50.00, 210),
  (11, 47, 'Olay Eyes Ultimate Eye Cream', 'Eye Cream', 24.99, 211),
  (4, 47, 'Clinique All About Eyes', 'Eye Cream', 33.00, 212),
  (21, 47, 'It Cosmetics Confidence in an Eye Cream', 'Eye Cream', 39.00, 213),
  (29, 47, 'CeraVe Eye Repair Cream', 'Eye Cream', 10.79, 214),
  (3, 48, 'Thayers Witch Hazel Toner', 'Toner', 10.95, 215),
  (9, 48, 'Mario Badescu Facial Spray with Aloe, Herbs and Rosewater', 'Toner', 12.00, 216),
  (8, 48, 'Fresh Rose Floral Toner', 'Toner', 44.00, 217),
  (10, 48, 'Origins Zero Oil Pore Purifying Toner with Saw Palmetto & Mint', 'Toner', 25.00, 218),
  (15, 48, 'Murad Clarifying Toner', 'Toner', 26.00, 219),
  (4, 49, 'Biossance 100% Sugarcane Squalane Oil', 'Face Oil', 32.00, 220),
  (21, 49, 'Drunk Elephant Virgin Marula Luxury Facial Oil', 'Face Oil', 72.00, 221),
  (16, 49, 'The Ordinary 100% Plant-Derived Squalane', 'Face Oil', 7.90, 222),
  (47, 49, 'Josie Maran 100% Pure Argan Oil', 'Face Oil', 49.00, 223),
  (2, 49, 'Tarte Maracuja Oil', 'Face Oil', 48.00, 224);


CREATE TABLE "Reviews" (
  "review_id" SERIAL PRIMARY KEY,
  "username" VARCHAR,
  "rating" INTEGER,
  "status" VARCHAR,
  "date" DATE,
  "product_id" INTEGER,
  FOREIGN KEY ("product_id") REFERENCES "Product" ("product_id")
);

INSERT INTO "Reviews" (username, rating, status, date, product_id) VALUES
    ('AdventurousAlice', 4, 'approved', '2024-02-17', 1),
    ('CraftyReviewer', 3, 'approved', '2024-02-16', 2),
    ('WhimsicalExplorer', 5, 'pending', '2024-02-15', 3),
    ('SavvyShopper', 2, 'approved', '2024-02-14', 4),
    ('TechieEnthusiast', 4, 'pending', '2024-02-13', 5),
    ('FashionistaGuru', 1, 'approved', '2024-02-12', 6),
    ('FitnessFanatic', 5, 'approved', '2024-02-11', 7),
    ('GourmetGoddess', 3, 'pending', '2024-02-10', 8),
    ('BookwormBibliophile', 2, 'approved', '2024-02-09', 9),
    ('PetLoverExtraordinaire', 4, 'approved', '2024-02-08', 10),
    ('ProductTester', 3, 'approved', '2024-02-07', 11),
    ('AdventureSeeker', 5, 'approved', '2024-02-06', 12),
    ('MusicManiac', 4, 'pending', '2024-02-05', 13),
    ('ArtAficionado', 2, 'approved', '2024-02-04', 14),
    ('NatureLover', 3, 'approved', '2024-02-03', 15),
    ('TechSavvy', 1, 'pending', '2024-02-02', 16),
    ('FashionForward', 5, 'approved', '2024-02-01', 17),
    ('FoodieExpert', 4, 'approved', '2024-01-31', 18),
    ('BookwormBelle', 2, 'pending', '2024-01-30', 19),
    ('TravelEnthusiast', 3, 'approved', '2024-01-29', 20),
    ('GamingGuru', 5, 'approved', '2024-01-28', 21),
    ('PetLoverPro', 4, 'approved', '2024-01-27', 22),
    ('FitnessFan', 1, 'pending', '2024-01-26', 23),
    ('CulinaryConnoisseur', 3, 'approved', '2024-01-25', 24),
    ('DIYDiva', 4, 'approved', '2024-01-24', 25),
    ('MovieBuff', 5, 'approved', '2024-01-23', 26),
    ('MusicMaven', 2, 'pending', '2024-01-22', 27),
    ('ArtisticSoul', 3, 'approved', '2024-01-21', 28),
    ('AdventureBuff', 4, 'approved', '2024-01-20', 29),
    ('Fashionista', 5, 'pending', '2024-01-19', 30),
    ('TechieTrendsetter', 4, 'approved', '2024-01-18', 31),
    ('FoodEnthusiast', 1, 'approved', '2024-01-17', 32),
    ('Bookworm', 3, 'approved', '2024-01-16', 33),
    ('TravelBlogger', 4, 'pending', '2024-01-15', 34),
    ('GamingGoddess', 5, 'approved', '2024-01-14', 35),
    ('PetEnthusiast', 2, 'approved', '2024-01-13', 36),
    ('FitnessFanatic', 3, 'approved', '2024-01-12', 37),
    ('CulinaryArtist', 4, 'pending', '2024-01-11', 38),
    ('DIYEnthusiast', 5, 'approved', '2024-01-10', 39),
    ('MovieLover', 1, 'approved', '2024-01-09', 40),
    ('MusicLover', 3, 'approved', '2024-01-08', 41),
    ('ArtLover', 4, 'pending', '2024-01-07', 42),
    ('NatureExplorer', 5, 'approved', '2024-01-06', 43),
    ('TechGuru', 2, 'approved', '2024-01-05', 44),
    ('FashionFanatic', 3, 'approved', '2024-01-04', 45),
    ('FoodLover', 4, 'pending', '2024-01-03', 46),
    ('BookwormBuddy', 5, 'approved', '2024-01-02', 47),
    ('TravelerExtraordinaire', 1, 'approved', '2024-01-01', 48),
    ('GamingGeek', 3, 'approved', '2023-12-31', 49),
    ('PetPerson', 4, 'pending', '2023-12-30', 50),
    ('FitnessFreak', 5, 'approved', '2023-12-29', 51),
    ('CulinaryExpert', 2, 'approved', '2023-12-28', 52),
    ('DIYDynamo', 3, 'approved', '2023-12-27', 53),
    ('MovieMaster', 4, 'pending', '2023-12-26', 54),
    ('MusicMastermind', 5, 'approved', '2023-12-25', 55),
    ('ArtAficionado', 1, 'approved', '2023-12-24', 56),
    ('NatureEnthusiast', 3, 'approved', '2023-12-23', 57),
    ('TechEnthusiast', 4, 'pending', '2023-12-22', 58),
    ('FashionForward', 5, 'approved', '2023-12-21', 59),
    ('Foodie', 2, 'approved', '2023-12-20', 60),
    ('BookLover', 3, 'approved', '2023-12-19', 61),
    ('TravelAddict', 4, 'pending', '2023-12-18', 62),
    ('GamingGuru', 5, 'approved', '2023-12-17', 63),
    ('PetLover', 1, 'approved', '2023-12-16', 64),
    ('FitnessFanatic', 3, 'approved', '2023-12-15', 65),
    ('CulinaryConnoisseur', 4, 'pending', '2023-12-14', 66),
    ('DIYDiva', 5, 'approved', '2023-12-13', 67),
    ('MovieBuff', 2, 'approved', '2023-12-12', 68),
    ('MusicMaven', 3, 'approved', '2023-12-11', 69),
    ('ArtisticSoul', 4, 'pending', '2023-12-10', 70),
    ('NatureLover', 5, 'approved', '2023-12-09', 71),
    ('TechSavvy', 2, 'approved', '2023-12-08', 72),
    ('Fashionista', 3, 'approved', '2023-12-07', 73),
    ('FoodEnthusiast', 4, 'pending', '2023-12-06', 74),
    ('Bookworm', 5, 'approved', '2023-12-05', 75),
    ('TravelBlogger', 1, 'approved', '2023-12-04', 76),
    ('GamingGoddess', 3, 'approved', '2023-12-03', 77),
    ('PetEnthusiast', 4, 'pending', '2023-12-02', 78),
    ('FitnessFanatic', 5, 'approved', '2023-12-01', 79),
    ('CulinaryArtist', 2, 'approved', '2023-11-30', 80),
    ('DIYEnthusiast', 3, 'approved', '2023-11-29', 81),
    ('MovieLover', 4, 'pending', '2023-11-28', 82),
    ('MusicLover', 5, 'approved', '2023-11-27', 83),
    ('ArtLover', 1, 'approved', '2023-11-26', 84),
    ('NatureExplorer', 3, 'approved', '2023-11-25', 85),
    ('TechGuru', 4, 'pending', '2023-11-24', 86),
    ('FashionFanatic', 5, 'approved', '2023-11-23', 87),
    ('FoodLover', 2, 'approved', '2023-11-22', 88),
    ('BookwormBuddy', 3, 'approved', '2023-11-21', 89),
    ('TravelerExtraordinaire', 4, 'pending', '2023-11-20', 90),
    ('GamingGeek', 5, 'approved', '2023-11-19', 91),
    ('PetPerson', 1, 'approved', '2023-11-18', 92),
    ('FitnessFreak', 3, 'approved', '2023-11-17', 93),
    ('CulinaryExpert', 4, 'pending', '2023-11-16', 94),
    ('DIYDynamo', 5, 'approved', '2023-11-15', 95),
    ('MovieMaster', 2, 'approved', '2023-11-14', 96),
    ('MusicMastermind', 3, 'approved', '2023-11-13', 97),
    ('ArtAficionado', 4, 'pending', '2023-11-12', 98),
    ('NatureEnthusiast', 5, 'approved', '2023-11-11', 99),
    ('TechEnthusiast', 2, 'approved', '2023-11-10', 100),
    ('FashionForward', 3, 'approved', '2023-11-09', 101),
    ('Foodie', 4, 'pending', '2023-11-08', 102),
    ('BookLover', 5, 'approved', '2023-11-07', 103),
    ('TravelAddict', 1, 'approved', '2023-11-06', 104),
    ('GamingGuru', 3, 'approved', '2023-11-05', 105),
    ('PetLover', 4, 'pending', '2023-11-04', 106),
    ('FitnessFanatic', 5, 'approved', '2023-11-03', 107),
    ('CulinaryConnoisseur', 2, 'approved', '2023-11-02', 108),
    ('DIYDiva', 3, 'approved', '2023-11-01', 109),
    ('MovieBuff', 4, 'pending', '2023-10-31', 110),
    ('MusicMaven', 5, 'approved', '2023-10-30', 111),
    ('ArtisticSoul', 1, 'approved', '2023-10-29', 112),
    ('NatureLover', 3, 'approved', '2023-10-28', 113),
    ('TechSavvy', 4, 'pending', '2023-10-27', 114),
    ('Fashionista', 5, 'approved', '2023-10-26', 115),
    ('FoodEnthusiast', 2, 'approved', '2023-10-25', 116),
    ('Bookworm', 3, 'approved', '2023-10-24', 117),
    ('TravelBlogger', 4, 'pending', '2023-10-23', 118),
    ('GamingGoddess', 5, 'approved', '2023-10-22', 119),
    ('PetEnthusiast', 1, 'approved', '2023-10-21', 120),
    ('FitnessFanatic', 3, 'approved', '2023-10-20', 121),
    ('CulinaryArtist', 4, 'pending', '2023-10-19', 122),
    ('DIYEnthusiast', 5, 'approved', '2023-10-18', 123),
    ('MovieLover', 2, 'approved', '2023-10-17', 124),
    ('MusicLover', 3, 'approved', '2023-10-16', 125),
    ('ArtLover', 4, 'pending', '2023-10-15', 126),
    ('NatureExplorer', 5, 'approved', '2023-10-14', 127),
    ('TechGuru', 2, 'approved', '2023-10-13', 128),
    ('FashionFanatic', 3, 'approved', '2023-10-12', 129),
    ('FoodLover', 4, 'pending', '2023-10-11', 130),
    ('BookwormBuddy', 5, 'approved', '2023-10-10', 131),
    ('TravelerExtraordinaire', 1, 'approved', '2023-10-09', 132),
    ('GamingGeek', 3, 'approved', '2023-10-08', 133),
    ('PetPerson', 4, 'pending', '2023-10-07', 134),
    ('FitnessFreak', 5, 'approved', '2023-10-06', 135),
    ('CulinaryExpert', 2, 'approved', '2023-10-05', 136),
    ('DIYDynamo', 3, 'approved', '2023-10-04', 137),
    ('MovieMaster', 4, 'pending', '2023-10-03', 138),
    ('MusicMastermind', 5, 'approved', '2023-10-02', 139),
    ('ArtAficionado', 1, 'approved', '2023-10-01', 140),
    ('NatureEnthusiast', 3, 'approved', '2023-09-30', 141),
    ('TechEnthusiast', 4, 'pending', '2023-09-29', 142),
    ('FashionForward', 5, 'approved', '2023-09-28', 143),
    ('Foodie', 2, 'approved', '2023-09-27', 144),
    ('BookLover', 3, 'approved', '2023-09-26', 145),
    ('TravelAddict', 4, 'pending', '2023-09-25', 146),
    ('GamingGuru', 5, 'approved', '2023-09-24', 147),
    ('PetLover', 1, 'approved', '2023-09-23', 148),
    ('FitnessFanatic', 3, 'approved', '2023-09-22', 149),
    ('CulinaryConnoisseur', 4, 'pending', '2023-09-21', 150),
    ('DIYDiva', 5, 'approved', '2023-09-20', 151),
    ('MovieBuff', 2, 'approved', '2023-09-19', 152),
    ('MusicMaven', 3, 'approved', '2023-09-18', 153),
    ('ArtisticSoul', 4, 'pending', '2023-09-17', 154),
    ('NatureLover', 5, 'approved', '2023-09-16', 155),
    ('TechSavvy', 2, 'approved', '2023-09-15', 156),
    ('Fashionista', 3, 'approved', '2023-09-14', 157),
    ('FoodEnthusiast', 4, 'pending', '2023-09-13', 158),
    ('Bookworm', 5, 'approved', '2023-09-12', 159),
    ('TravelBlogger', 1, 'approved', '2023-09-11', 160),
    ('GamingGoddess', 3, 'approved', '2023-09-10', 161),
    ('PetEnthusiast', 4, 'pending', '2023-09-09', 162),
    ('FitnessFanatic', 5, 'approved', '2023-09-08', 163),
    ('CulinaryArtist', 2, 'approved', '2023-09-07', 164),
    ('DIYEnthusiast', 3, 'approved', '2023-09-06', 165),
    ('MovieLover', 4, 'pending', '2023-09-05', 166),
    ('MusicLover', 5, 'approved', '2023-09-04', 167),
    ('ArtLover', 1, 'approved', '2023-09-03', 168),
    ('NatureExplorer', 3, 'approved', '2023-09-02', 169),
    ('TechGuru', 4, 'pending', '2023-09-01', 170),
    ('FashionFanatic', 5, 'approved', '2023-08-31', 171),
    ('FoodLover', 2, 'approved', '2023-08-30', 172),
    ('BookwormBuddy', 3, 'approved', '2023-08-29', 173),
    ('TravelerExtraordinaire', 4, 'pending', '2023-08-28', 174),
    ('GamingGeek', 5, 'approved', '2023-08-27', 175),
    ('PetPerson', 1, 'approved', '2023-08-26', 176),
    ('FitnessFreak', 3, 'approved', '2023-08-25', 177),
    ('CulinaryExpert', 4, 'pending', '2023-08-24', 178),
    ('DIYDynamo', 5, 'approved', '2023-08-23', 179),
    ('MovieMaster', 2, 'approved', '2023-08-22', 180),
    ('MusicMastermind', 3, 'approved', '2023-08-21', 181),
    ('ArtAficionado', 4, 'pending', '2023-08-20', 182),
    ('NatureEnthusiast', 5, 'approved', '2023-08-19', 183),
    ('TechEnthusiast', 2, 'approved', '2023-08-18', 184),
    ('FashionForward', 3, 'approved', '2023-08-17', 185),
    ('Foodie', 4, 'pending', '2023-08-16', 186),
    ('BookLover', 5, 'approved', '2023-08-15', 187),
    ('TravelAddict', 1, 'approved', '2023-08-14', 188),
    ('GamingGuru', 3, 'approved', '2023-08-13', 189),
    ('PetLover', 4, 'pending', '2023-08-12', 190),
    ('FitnessFanatic', 5, 'approved', '2023-08-11', 191),
    ('CulinaryConnoisseur', 2, 'approved', '2023-08-10', 192),
    ('DIYDiva', 3, 'approved', '2023-08-09', 193),
    ('MovieBuff', 4, 'pending', '2023-08-08', 194),
    ('MusicMaven', 5, 'approved', '2023-08-07', 195),
    ('ArtisticSoul', 1, 'approved', '2023-08-06', 196),
    ('NatureLover', 3, 'approved', '2023-08-05', 197),
    ('TechSavvy', 4, 'pending', '2023-08-04', 198),
    ('Fashionista', 5, 'approved', '2023-08-03', 199),
    ('FoodEnthusiast', 2, 'approved', '2023-08-02', 200),
    ('Bookworm', 3, 'approved', '2023-08-01', 201),
    ('TravelBlogger', 4, 'pending', '2023-07-31', 202),
    ('GamingGoddess', 5, 'approved', '2023-07-30', 203),
    ('PetEnthusiast', 1, 'approved', '2023-07-29', 204),
    ('FitnessFanatic', 3, 'approved', '2023-07-28', 205),
    ('CulinaryArtist', 4, 'pending', '2023-07-27', 206),
    ('DIYEnthusiast', 5, 'approved', '2023-07-26', 207),
    ('MovieLover', 2, 'approved', '2023-07-25', 208),
    ('MusicLover', 3, 'approved', '2023-07-24', 209),
    ('ArtLover', 4, 'pending', '2023-07-23', 210),
    ('NatureExplorer', 5, 'approved', '2023-07-22', 211),
    ('TechGuru', 2, 'approved', '2023-07-21', 212),
    ('FashionFanatic', 3, 'approved', '2023-07-20', 213),
    ('FoodLover', 4, 'pending', '2023-07-19', 214),
    ('BookwormBuddy', 5, 'approved', '2023-07-18', 215),
    ('TravelerExtraordinaire', 1, 'approved', '2023-07-17', 216),
    ('GamingGeek', 3, 'approved', '2023-07-16', 217),
    ('PetPerson', 4, 'pending', '2023-07-15', 218),
    ('FitnessFreak', 5, 'approved', '2023-07-14', 219),
    ('CulinaryExpert', 2, 'approved', '2023-07-13', 220),
    ('DIYDynamo', 3, 'approved', '2023-07-12', 221),
    ('MovieMaster', 4, 'pending', '2023-07-11', 222),
    ('MusicMastermind', 5, 'approved', '2023-07-10', 223),
    ('ArtAficionado', 1, 'approved', '2023-07-09', 224);
